{
  "acceptance": {
    "metric": "test_r2",
    "passed": true,
    "threshold": 0.96
  },
  "models": {
    "ges": {
      "best_iteration": 1195,
      "candidate_results": [
        {
          "best_iteration": 1195,
          "candidate": "depth4_regularized",
          "last_train_rmse": 0.1494223457764327,
          "last_validation_rmse": 0.21010624702253453,
          "validation": {
            "mae": 0.14324662380920697,
            "out_of_range_count": 0,
            "prediction_max": 98.21173095703125,
            "prediction_min": 2.298767328262329,
            "r2": 0.999867589447502,
            "rmse": 0.2101062472845405
          }
        }
      ],
      "ranking": {
        "district_spearman": 0.9998592760018916,
        "top_100_overlap": 1.0,
        "top_10_overlap": 1.0,
        "top_50_overlap": 1.0
      },
      "segments": {
        "mae_by_incentive_region": {
          "1": 0.148128,
          "2": 0.117972,
          "3": 0.147284,
          "4": 0.144141,
          "5": 0.14108,
          "6": 0.120277
        },
        "mae_by_province": {
          "ADIYAMAN": 0.135569,
          "AFYONKARAHİSAR": 0.134608,
          "AKSARAY": 0.114063,
          "AMASYA": 0.130063,
          "ANKARA": 0.146253,
          "ANTALYA": 0.239087,
          "ARTVİN": 0.130393,
          "AYDIN": 0.107238,
          "AĞRI": 0.118184,
          "BALIKESİR": 0.134265,
          "BARTIN": 0.12153,
          "BATMAN": 0.101135,
          "BAYBURT": 0.124252,
          "BOLU": 0.107569,
          "BURSA": 0.097367,
          "BİLECİK": 0.144134,
          "BİNGÖL": 0.111076,
          "DENİZLİ": 0.113456,
          "DÜZCE": 0.127812,
          "DİYARBAKIR": 0.148245,
          "EDİRNE": 0.113574,
          "ELAZIĞ": 0.125804,
          "ERZURUM": 0.140834,
          "ERZİNCAN": 0.15381,
          "ESKİŞEHİR": 0.30005,
          "GAZİANTEP": 0.126262,
          "GÜMÜŞHANE": 0.352124,
          "GİRESUN": 0.141221,
          "HAKKARİ": 0.232058,
          "HATAY": 0.116975,
          "KAHRAMANMARAŞ": 0.118298,
          "KARAMAN": 0.153312,
          "KARS": 0.11318,
          "KASTAMONU": 0.119306,
          "KAYSERİ": 0.161624,
          "KIRKLARELİ": 0.099286,
          "KIRŞEHİR": 0.12646,
          "KOCAELİ": 0.108815,
          "KONYA": 0.115139,
          "KÜTAHYA": 0.119261,
          "KİLİS": 0.120723,
          "MALATYA": 0.140982,
          "MANİSA": 0.122896,
          "MARDİN": 0.100516,
          "MERSİN(İÇEL)": 0.147955,
          "MUĞLA": 0.107496,
          "MUŞ": 0.113482,
          "NİĞDE": 0.146832,
          "ORDU": 0.128245,
          "OSMANİYE": 0.123656,
          "RİZE": 0.138279,
          "SAKARYA": 0.103502,
          "SAMSUN": 0.127135,
          "SİNOP": 0.131332,
          "SİVAS": 0.266695,
          "SİİRT": 0.117096,
          "TEKİRDAĞ": 0.108856,
          "TOKAT": 0.119858,
          "TRABZON": 0.341227,
          "TUNCELİ": 0.151844,
          "UŞAK": 0.132102,
          "VAN": 0.108458,
          "YOZGAT": 0.141196,
          "ZONGULDAK": 0.123202,
          "ÇANAKKALE": 0.119754,
          "ÇANKIRI": 0.139873,
          "ÇORUM": 0.134241,
          "İSTANBUL": 0.135544,
          "İZMİR": 0.128293,
          "ŞANLIURFA": 0.100162,
          "ŞIRNAK": 0.10496
        }
      },
      "selected_candidate": "depth4_regularized",
      "test": {
        "mae": 0.13822809559161262,
        "out_of_range_count": 0,
        "prediction_max": 99.47624969482422,
        "prediction_min": 5.778751373291016,
        "r2": 0.9999007465728925,
        "rmse": 0.1881426542186026
      },
      "train": {
        "mae": 0.11689135716161957,
        "out_of_range_count": 0,
        "prediction_max": 99.66788482666016,
        "prediction_min": 0.5761079788208008,
        "r2": 0.9999357442964809,
        "rmse": 0.1494223507435984
      },
      "validation": {
        "mae": 0.14324662380920697,
        "out_of_range_count": 0,
        "prediction_max": 98.21173095703125,
        "prediction_min": 2.298767328262329,
        "r2": 0.999867589447502,
        "rmse": 0.2101062472845405
      }
    },
    "res": {
      "best_iteration": 1199,
      "candidate_results": [
        {
          "best_iteration": 1199,
          "candidate": "depth4_regularized",
          "last_train_rmse": 0.1990953210214546,
          "last_validation_rmse": 0.3416629318687019,
          "validation": {
            "mae": 0.15492081894232254,
            "out_of_range_count": 0,
            "prediction_max": 87.21613311767578,
            "prediction_min": 3.1309499740600586,
            "r2": 0.9991633862495147,
            "rmse": 0.34166294207395165
          }
        }
      ],
      "ranking": {
        "district_spearman": 0.999838930363403,
        "top_100_overlap": 1.0,
        "top_10_overlap": 1.0,
        "top_50_overlap": 1.0
      },
      "segments": {
        "mae_by_incentive_region": {
          "1": 0.158658,
          "2": 0.137116,
          "3": 0.155319,
          "4": 0.172793,
          "5": 0.154375,
          "6": 0.10303
        },
        "mae_by_province": {
          "ADIYAMAN": 0.158957,
          "AFYONKARAHİSAR": 0.108919,
          "AKSARAY": 0.109553,
          "AMASYA": 0.145713,
          "ANKARA": 0.146663,
          "ANTALYA": 0.206886,
          "ARTVİN": 0.153155,
          "AYDIN": 0.097327,
          "AĞRI": 0.120522,
          "BALIKESİR": 0.194318,
          "BARTIN": 0.102055,
          "BATMAN": 0.08036,
          "BAYBURT": 0.134644,
          "BOLU": 0.091067,
          "BURSA": 0.098553,
          "BİLECİK": 0.137392,
          "BİNGÖL": 0.085032,
          "DENİZLİ": 0.098391,
          "DÜZCE": 0.137372,
          "DİYARBAKIR": 0.140566,
          "EDİRNE": 0.162763,
          "ELAZIĞ": 0.140581,
          "ERZURUM": 0.152315,
          "ERZİNCAN": 0.167069,
          "ESKİŞEHİR": 0.248186,
          "GAZİANTEP": 0.102961,
          "GÜMÜŞHANE": 0.410604,
          "GİRESUN": 0.169923,
          "HAKKARİ": 0.154174,
          "HATAY": 0.113034,
          "KAHRAMANMARAŞ": 0.094417,
          "KARAMAN": 0.144068,
          "KARS": 0.098757,
          "KASTAMONU": 0.142705,
          "KAYSERİ": 0.182358,
          "KIRKLARELİ": 0.134562,
          "KIRŞEHİR": 0.133171,
          "KOCAELİ": 0.123128,
          "KONYA": 0.117155,
          "KÜTAHYA": 0.137001,
          "KİLİS": 0.130089,
          "MALATYA": 0.183163,
          "MANİSA": 0.090588,
          "MARDİN": 0.096694,
          "MERSİN(İÇEL)": 0.171794,
          "MUĞLA": 0.130825,
          "MUŞ": 0.07972,
          "NİĞDE": 0.121027,
          "ORDU": 0.142249,
          "OSMANİYE": 0.105525,
          "RİZE": 0.187757,
          "SAKARYA": 0.092902,
          "SAMSUN": 0.141973,
          "SİNOP": 0.154008,
          "SİVAS": 0.390048,
          "SİİRT": 0.068929,
          "TEKİRDAĞ": 0.236079,
          "TOKAT": 0.13425,
          "TRABZON": 0.464539,
          "TUNCELİ": 0.181638,
          "UŞAK": 0.096438,
          "VAN": 0.211964,
          "YOZGAT": 0.171105,
          "ZONGULDAK": 0.170513,
          "ÇANAKKALE": 0.204794,
          "ÇANKIRI": 0.159228,
          "ÇORUM": 0.136197,
          "İSTANBUL": 0.178204,
          "İZMİR": 0.142561,
          "ŞANLIURFA": 0.078627,
          "ŞIRNAK": 0.071592
        }
      },
      "selected_candidate": "depth4_regularized",
      "test": {
        "mae": 0.1501576226206675,
        "out_of_range_count": 0,
        "prediction_max": 89.96381378173828,
        "prediction_min": 4.687082290649414,
        "r2": 0.9995272840655627,
        "rmse": 0.276310750917167
      },
      "train": {
        "mae": 0.11836141096513342,
        "out_of_range_count": 0,
        "prediction_max": 94.6573486328125,
        "prediction_min": 0.24951529502868652,
        "r2": 0.999755647171618,
        "rmse": 0.19909532500709393
      },
      "validation": {
        "mae": 0.15492081894232254,
        "out_of_range_count": 0,
        "prediction_max": 87.21613311767578,