{
  "job_id": 12,
  "result": {
    "ges": {
      "model_id": 22,
      "model_version": "20260621T203310Z_6cc86af_job12",
      "metrics": {
        "mae": 4.438009628067017,
        "rmse": 5.55025379995744,
        "r2": 0.9309650896988636,
        "test_size": 1000
      },
      "artifact": "20260621T203310Z_6cc86af_job12/Yapay_Zeka_GES_Modeli.json"
    },
    "res": {
      "model_id": 23,
      "model_version": "20260621T203310Z_6cc86af_job12",
      "metrics": {
        "mae": 2.382246607208252,
        "rmse": 3.202396343481065,
        "r2": 0.8884780765674994,
        "test_size": 1000
      },
      "artifact": "20260621T203310Z_6cc86af_job12/Yapay_Zeka_RES_Modeli.json"
    }
  },
  "params": {
    "energy_targets": [
      "ges",
      "res"
    ],
    "dataset_version": null,
    "test_size": 0.2,
    "random_state": 42,
    "n_estimators": 30,
    "learning_rate": 0.05,
    "max_depth": 3,
    "note": "test eğitimi",
    "register_model": true,
    "generate_shap": false,
    "quick_mode": true
  }
}